{
	"credit": "Made with Blockbench",
	"parent": "minecraft:block/tinted_cross",
	"texture_size": [64, 64],
	"textures": {
		"2": "block/sugar_cane_leaves",
		"particle": "block/sugar_cane",
		"cross": "block/sugar_cane"
	},
	"elements": [
		{
			"from": [12, 0, 3],
			"to": [14, 16, 5],
			"rotation": {"angle": 0, "axis": "y", "origin": [21, 8, 11]},
			"faces": {
				"north": {"uv": [4.5, 4, 5.5, 12], "texture": "#cross", "tintindex": 0},
				"east": {"uv": [4.5, 4, 5.5, 12], "texture": "#cross", "tintindex": 0},
				"south": {"uv": [4.5, 4, 5.5, 12], "texture": "#cross", "tintindex": 0},
				"west": {"uv": [4.5, 4, 5.5, 12], "texture": "#cross", "tintindex": 0},
				"up": {"uv": [4.5, 4, 5.5, 5], "texture": "#cross", "tintindex": 0},
				"down": {"uv": [4.5, 11, 5.5, 12], "texture": "#cross", "tintindex": 0}
			}
		},
		{
			"from": [3, 0, 2],
			"to": [5, 16, 4],
			"rotation": {"angle": 0, "axis": "y", "origin": [12, 8, 10]},
			"faces": {
				"north": {"uv": [10.5, 4, 11.5, 12], "texture": "#cross", "tintindex": 0},
				"east": {"uv": [10.5, 4, 11.5, 12], "texture": "#cross", "tintindex": 0},
				"south": {"uv": [10.5, 4, 11.5, 12], "texture": "#cross", "tintindex": 0},
				"west": {"uv": [10.5, 4, 11.5, 12], "texture": "#cross", "tintindex": 0},
				"up": {"uv": [4.5, 4, 5.5, 5], "texture": "#cross", "tintindex": 0},
				"down": {"uv": [4.5, 11, 5.5, 12], "texture": "#cross", "tintindex": 0}
			}
		},
		{
			"from": [2, 0, 11],
			"to": [4, 16, 13],
			"rotation": {"angle": 0, "axis": "y", "origin": [11, 8, 19]},
			"faces": {
				"north": {"uv": [4.5, 4, 5.5, 12], "texture": "#cross", "tintindex": 0},
				"east": {"uv": [4.5, 4, 5.5, 12], "texture": "#cross", "tintindex": 0},
				"south": {"uv": [4.5, 4, 5.5, 12], "texture": "#cross", "tintindex": 0},
				"west": {"uv": [4.5, 4, 5.5, 12], "texture": "#cross", "tintindex": 0},
				"up": {"uv": [4.5, 4, 5.5, 5], "texture": "#cross", "tintindex": 0},
				"down": {"uv": [4.5, 11, 5.5, 12], "texture": "#cross", "tintindex": 0}
			}
		},
		{
			"from": [11, 0, 12],
			"to": [13, 18, 14],
			"rotation": {"angle": 0, "axis": "y", "origin": [20, 8, 20]},
			"faces": {
				"north": {"uv": [10.5, 3, 11.5, 12], "texture": "#cross", "tintindex": 0},
				"east": {"uv": [10.5, 3, 11.5, 12], "texture": "#cross", "tintindex": 0},
				"south": {"uv": [10.5, 3, 11.5, 12], "texture": "#cross", "tintindex": 0},
				"west": {"uv": [10.5, 3, 11.5, 12], "texture": "#cross", "tintindex": 0},
				"up": {"uv": [4.5, 4, 5.5, 5], "texture": "#cross", "tintindex": 0},
				"down": {"uv": [4.5, 11, 5.5, 12], "texture": "#cross", "tintindex": 0}
			}
		},
		{
			"from": [2, 0, 2],
			"to": [14, 16, 14],
			"rotation": {"angle": 0, "axis": "y", "origin": [10, 8, 11]},
			"faces": {
				"north": {"uv": [0, 0, 3, 4], "texture": "#2", "tintindex": 0},
				"east": {"uv": [3, 3, 6, 7], "texture": "#2", "tintindex": 0},
				"south": {"uv": [0, 4, 3, 8], "texture": "#2", "tintindex": 0},
				"west": {"uv": [6, 6, 9, 10], "texture": "#2", "tintindex": 0}
			}
		},
		{
			"from": [2, 16, 2],
			"to": [14, 0, 14],
			"rotation": {"angle": 0, "axis": "y", "origin": [10, -8, 11]},
			"faces": {
				"north": {"uv": [0, 4, 3, 0], "texture": "#2", "tintindex": 0},
				"east": {"uv": [3, 3, 6, 7], "texture": "#2", "tintindex": 0},
				"south": {"uv": [0, 8, 3, 4], "texture": "#2", "tintindex": 0},
				"west": {"uv": [6, 10, 9, 6], "texture": "#2", "tintindex": 0}
			}
		}
	]
}